{"GameObject":{"UID":-842150451,"Name":"root","Selected":false,"Static":true,"Components":[{"Transform":{"Position":[0.0,0.0,0.0],"Rotation":[0.0,0.0,0.0,1.0],"Scale":[1.0,1.0,1.0]}}],"Children":[{"GameObject":{"UID":-842150451,"Parent ID":-842150451,"Name":"Debug Camera","Selected":false,"Static":true,"Components":[{"Transform":{"Position":[2.0106260776519777,15.282065391540528,30.637487411499025],"Rotation":[-0.2547198534011841,0.036065712571144107,0.00950709730386734,0.9662954211235046],"Scale":[1.0,1.0,1.0]}},{"Camera":{"FovY":60.0,"Near Plane Distance":1.0,"Far Plane Distance":512.0,"Ratio":1.7777777910232545,"Reference":[0.0,0.0,3.740000009536743],"Is Debug":true,"Is Target":true}}],"Children":[]}},{"GameObject":{"UID":-842150451,"Parent ID":-842150451,"Name":"Game Camera","Selected":false,"Static":true,"Components":[{"Transform":{"Position":[0.0,5.0,25.0],"Rotation":[0.0,0.0,0.0,1.0],"Scale":[1.0,1.0,1.0]}},{"Camera":{"FovY":60.0,"Near Plane Distance":1.0,"Far Plane Distance":25.0,"Ratio":1.7777777910232545,"Reference":[0.0,5.0,0.0],"Is Debug":false,"Is Target":false}}],"Children":[]}}]}}