{"GameObject":{"UID":-842150451,"Name":"root","Selected":false,"Static":true,"Components":[{"Transform":{"Position":[0.0,0.0,0.0],"Rotation":[0.0,0.0,0.0,1.0],"Scale":[1.0,1.0,1.0]}}],"Children":[{"GameObject":{"UID":-842150451,"Parent ID":-842150451,"Name":"Debug Camera","Selected":false,"Static":true,"Components":[{"Transform":{"Position":[-2.3120150566101076,3.7676503658294679,19.851537704467775],"Rotation":[-0.16773948073387147,-0.12466537207365036,-0.02138862945139408,0.9776832461357117],"Scale":[1.0,0.9999997019767761,0.9999998211860657]}},{"Camera":{"FovY":60.0,"Near Plane Distance":1.0,"Far Plane Distance":512.0,"Ratio":1.7777777910232545,"Reference":[36.00038146972656,-50.20936965942383,-127.93757629394531],"Is Debug":true,"Is Target":true}}],"Children":[]}},{"GameObject":{"UID":-842150451,"Parent ID":-842150451,"Name":"Game Camera","Selected":false,"Static":true,"Components":[{"Transform":{"Position":[0.0,0.0,25.0],"Rotation":[0.0985376387834549,0.0,0.0,0.9951333999633789],"Scale":[1.0,1.0,1.0]}},{"Camera":{"FovY":60.0,"Near Plane Distance":1.0,"Far Plane Distance":45.0,"Ratio":1.7777777910232545,"Reference":[0.0,5.0,0.0],"Is Debug":false,"Is Target":false}}],"Children":[]}}]}}