{"GameObject":{"UID":-842150451,"Name":"root","Selected":false,"Static":true,"Components":[{"Transform":{"Position":[0.0,0.0,0.0],"Rotation":[0.0,0.0,0.0,1.0],"Scale":[1.0,1.0,1.0]}}],"Children":[{"GameObject":{"UID":-842150451,"Parent ID":-842150451,"Name":"Debug Camera","Selected":false,"Static":true,"Components":[{"Transform":{"Position":[-10.992691993713379,15.487220764160157,67.4040298461914],"Rotation":[-0.16773945093154908,-0.12466534972190857,-0.021388620138168336,0.9776832461357117],"Scale":[1.0,0.9999997019767761,1.0]}},{"Camera":{"FovY":60.0,"Near Plane Distance":1.0,"Far Plane Distance":512.0,"Ratio":1.7777777910232545,"Reference":[27.319698333740236,-38.489784240722659,-80.38507843017578],"Is Debug":true,"Is Target":true}}],"Children":[]}},{"GameObject":{"UID":-842150451,"Parent ID":-842150451,"Name":"Game Camera","Selected":true,"Static":true,"Components":[{"Transform":{"Position":[0.0,0.0,25.0],"Rotation":[0.0985376387834549,0.0,0.0,0.9951333999633789],"Scale":[1.0,1.0,1.0]}},{"Camera":{"FovY":60.0,"Near Plane Distance":1.0,"Far Plane Distance":45.0,"Ratio":1.7777777910232545,"Reference":[0.0,5.0,0.0],"Is Debug":false,"Is Target":false}}],"Children":[]}}]}}